team,color,alt_color,tertiary,fourth,fifth,sixth,abbr,conf,sub,group,espn_id,pff_id,team_id,p1,p2,
Air Force,#0033A0,#FFFFFF,,,,,AFA,MWC,FBS,G5,2005,COAF,1001,D:/NCAA_Images/FBS/_primary/Air_Force.p1_500.png,D:/NCAA_Images/FBS/_primary/Air_Force.p2_500.png,
Akron,#041E42,#A89968,#FFFFFF,#84754E,#E89719,#FFC425,AKR,MAC,FBS,G5,2006,OHAK,1002,D:/NCAA_Images/FBS/_primary/Akron.p1_500.png,D:/NCAA_Images/FBS/_primary/Akron.p2_500.png,
Alabama,#9E1B32,#FFFFFF,#000000,#828A8F,,,ALA,SEC,FBS,P5,333,ALUN,1003,D:/NCAA_Images/FBS/_primary/Alabama.p1_500.png,D:/NCAA_Images/FBS/_primary/Alabama.p2_500.png,
Appalachian State,#222222,#FFCC00,#FFFFFF,,,,APP,SBC,FBS,G5,2026,NCAP,1004,D:/NCAA_Images/FBS/_primary/Appalachian_State.p1_500.png,D:/NCAA_Images/FBS/_primary/Appalachian_State.p2_500.png,
Arizona,#AB0520,#0C234B,#8F654D,#FFFFFF,,,ARIZ,PAC,FBS,P5,12,AZUN,1005,D:/NCAA_Images/FBS/_primary/Arizona.p1_500.png,D:/NCAA_Images/FBS/_primary/Arizona.p2_500.png,
Arizona State,#8C1D40,#FFC627,#000000,#FFFFFF,,,ASU,PAC,FBS,P5,9,AZST,1006,D:/NCAA_Images/FBS/_primary/Arizona_State.p1_500.png,D:/NCAA_Images/FBS/_primary/Arizona_State.p2_500.png,
Arkansas,#9D2235,#FFFFFF,#000000,#F2F2F4,#C7C8CA,#424242,ARK,SEC,FBS,P5,8,ARUN,1007,D:/NCAA_Images/FBS/_primary/Arkansas.p1_500.png,D:/NCAA_Images/FBS/_primary/Arkansas.p2_500.png,
Arkansas State,#CC092F,#000000,#FFFFFF,,,,ARST,SBC,FBS,G5,2032,ARST,1008,D:/NCAA_Images/FBS/_primary/Arkansas_State.p1_500.png,D:/NCAA_Images/FBS/_primary/Arkansas_State.p2_500.png,
Army,#D3BC8D,#2C2A29,#B1B3B3,#FFFFFF,#53565A,#FFC72C,ARMY,FBSI,FBS,G5,349,NYWP,1009,D:/NCAA_Images/FBS/_primary/Army.p1_500.png,D:/NCAA_Images/FBS/_primary/Army.p2_500.png,
Auburn,#F26522,#0C2340,#FFFFFF,,,,AUB,SEC,FBS,P5,2,ALAU,1010,D:/NCAA_Images/FBS/_primary/Auburn.p1_500.png,D:/NCAA_Images/FBS/_primary/Auburn.p2_500.png,
Ball State,#BA0C2F,#FFFFFF,#000000,,,,BALL,MAC,FBS,G5,2050,INBS,1011,D:/NCAA_Images/FBS/_primary/Ball_State.p1_500.png,D:/NCAA_Images/FBS/_primary/Ball_State.p2_500.png,
Baylor,#154734,#FFB81C,#FFFFFF,#707372,,,BAY,B12,FBS,P5,239,TXBA,1012,D:/NCAA_Images/FBS/_primary/Baylor.p1_500.png,D:/NCAA_Images/FBS/_primary/Baylor.p2_500.png,
Boise State,#0033A0,#FA4616,#FFFFFF,#C8C9C7,#53565A,,BSU,MWC,FBS,G5,68,IDBO,1013,D:/NCAA_Images/FBS/_primary/Boise_State.p1_500.png,D:/NCAA_Images/FBS/_primary/Boise_State.p2_500.png,
Boston College,#862633,#B29D6C,#000000,#FFFFFF,,,BC,ACC,FBS,P5,103,MABC,1014,D:/NCAA_Images/FBS/_primary/Boston_College.p1_500.png,D:/NCAA_Images/FBS/_primary/Boston_College.p2_500.png,
Bowling Green,#FE5000,#4F2C1D,#CDA077,#000000,,,BGSU,MAC,FBS,G5,189,OHBG,1015,D:/NCAA_Images/FBS/_primary/Bowling_Green.p1_500.png,D:/NCAA_Images/FBS/_primary/Bowling_Green.p2_500.png,
Buffalo,#005BBB,#FFFFFF,#666666,#000000,,,BUFF,MAC,FBS,G5,2084,NYBU,1016,D:/NCAA_Images/FBS/_primary/Buffalo.p1_500.png,D:/NCAA_Images/FBS/_primary/Buffalo.p2_500.png,
BYU,#002E5D,#FFFFFF,#0062B8,#B9975B,,,BYU,FBSI,FBS,G5,252,UTBY,1017,D:/NCAA_Images/FBS/_primary/BYU.p1_500.png,D:/NCAA_Images/FBS/_primary/BYU.p2_500.png,
California,#041E42,#FFC72C,#FFFFFF,,,,CAL,PAC,FBS,P5,25,CAUN,1018,D:/NCAA_Images/FBS/_primary/California.p1_500.png,D:/NCAA_Images/FBS/_primary/California.p2_500.png,
Central Michigan,#6A0032,#FFC82E,#FFFFFF,,,,CMU,MAC,FBS,G5,2117,MICE,1019,D:/NCAA_Images/FBS/_primary/Central_Michigan.p1_500.png,D:/NCAA_Images/FBS/_primary/Central_Michigan.p2_500.png,
Charlotte,#005035,#A49665,#FFFFFF,#AC9751,,,CHAR,CUSA,FBS,G5,2429,NCCR,1020,D:/NCAA_Images/FBS/_primary/Charlotte.p1_500.png,D:/NCAA_Images/FBS/_primary/Charlotte.p2_500.png,
Cincinnati,#E00122,#000000,#FFFFFF,,,,CIN,AAC,FBS,G5,2132,OHCI,1021,D:/NCAA_Images/FBS/_primary/Cincinnati.p1_500.png,D:/NCAA_Images/FBS/_primary/Cincinnati.p2_500.png,
Clemson,#F56600,#522D80,#FFFFFF,,,,CLEM,ACC,FBS,P5,228,SCCL,1022,D:/NCAA_Images/FBS/_primary/Clemson.p1_500.png,D:/NCAA_Images/FBS/_primary/Clemson.p2_500.png,
Coastal Carolina,#006F71,#A27752,#111111,,,,CCU,SBC,FBS,G5,324,SCCC,1023,D:/NCAA_Images/FBS/_primary/Coastal_Carolina.p1_500.png,D:/NCAA_Images/FBS/_primary/Coastal_Carolina.p2_500.png,
Colorado,#CFB87C,#000000,#565A5C,#A2A4A3,,,CU,PAC,FBS,P5,38,COUN,1024,D:/NCAA_Images/FBS/_primary/Colorado.p1_500.png,D:/NCAA_Images/FBS/_primary/Colorado.p2_500.png,
Colorado State,#1E4D2B,#C8C372,#FFFFFF,#D9782D,,,CSU,MWC,FBS,G5,36,COST,1025,D:/NCAA_Images/FBS/_primary/Colorado_State.p1_500.png,D:/NCAA_Images/FBS/_primary/Colorado_State.p2_500.png,
Connecticut,#000E2F,#FFFFFF,#7C878E,#E4002B,#A2AAAD,#A4C8E1,CONN,FBSI,FBS,G5,41,CTUN,1026,D:/NCAA_Images/FBS/_primary/Connecticut.p1_500.png,D:/NCAA_Images/FBS/_primary/Connecticut.p2_500.png,
Duke,#003087,#FFFFFF,#000000,,,,DUKE,ACC,FBS,P5,150,NCDU,1027,D:/NCAA_Images/FBS/_primary/Duke.p1_500.png,D:/NCAA_Images/FBS/_primary/Duke.p2_500.png,
East Carolina,#592A8A,#FFC702,#000000,#FFFFFF,,,ECU,AAC,FBS,G5,151,NCEA,1028,D:/NCAA_Images/FBS/_primary/East_Carolina.p1_500.png,D:/NCAA_Images/FBS/_primary/East_Carolina.p2_500.png,
Eastern Michigan,#046A38,#FFFFFF,,,,,EMU,MAC,FBS,G5,2199,MIEA,1029,D:/NCAA_Images/FBS/_primary/Eastern_Michigan.p1_500.png,D:/NCAA_Images/FBS/_primary/Eastern_Michigan.p2_500.png,
FAU,#003366,#CC0000,#8A8D8F,#C1C6C8,#FFFFFF,#000000,FAU,CUSA,FBS,G5,2226,FLAT,1030,D:/NCAA_Images/FBS/_primary/FAU.p1_500.png,D:/NCAA_Images/FBS/_primary/FAU.p2_500.png,
FIU,#081E3F,#B6862C,#FFFFFF,,,,FIU,CUSA,FBS,G5,2229,FLIN,1031,D:/NCAA_Images/FBS/_primary/FIU.p1_500.png,D:/NCAA_Images/FBS/_primary/FIU.p2_500.png,
Florida,#FA4616,#0021A5,#FFFFFF,#046A38,,,FLA,SEC,FBS,P5,57,FLUN,1032,D:/NCAA_Images/FBS/_primary/Florida.p1_500.png,D:/NCAA_Images/FBS/_primary/Florida.p2_500.png,
Florida State,#782F40,#CEB888,#FFFFFF,#000000,#FFC72C,,FSU,ACC,FBS,P5,52,FLST,1033,D:/NCAA_Images/FBS/_primary/Florida_State.p1_500.png,D:/NCAA_Images/FBS/_primary/Florida_State.p2_500.png,
Fresno State,#C8102E,#13294B,#FFFFFF,#007A33,,,FRES,MWC,FBS,G5,278,CAFR,1034,D:/NCAA_Images/FBS/_primary/Fresno_State.p1_500.png,D:/NCAA_Images/FBS/_primary/Fresno_State.p2_500.png,
Georgia,#BA0C2F,#000000,#5D6770,,,,UGA,SEC,FBS,P5,61,GAUN,1035,D:/NCAA_Images/FBS/_primary/Georgia.p1_500.png,D:/NCAA_Images/FBS/_primary/Georgia.p2_500.png,
Georgia Southern,#011E41,#FFFFFF,#A5ACAF,#A99260,,,GASO,SBC,FBS,G5,290,GASO,1036,D:/NCAA_Images/FBS/_primary/Georgia_Southern.p1_500.png,D:/NCAA_Images/FBS/_primary/Georgia_Southern.p2_500.png,
Georgia State,#0039A6,#FFFFFF,#CC0000,,,,GAST,SBC,FBS,G5,2247,GAST,1037,D:/NCAA_Images/FBS/_primary/Georgia_State.p1_500.png,D:/NCAA_Images/FBS/_primary/Georgia_State.p2_500.png,
Georgia Tech,#B3A369,#003057,#FFFFFF,#545454,,,GT,ACC,FBS,P5,59,GATC,1038,D:/NCAA_Images/FBS/_primary/Georgia_Tech.p1_500.png,D:/NCAA_Images/FBS/_primary/Georgia_Tech.p2_500.png,
Hawaii,#024731,#000000,#8A8D8F,,,,HAW,MWC,FBS,G5,62,HIUN,1039,D:/NCAA_Images/FBS/_primary/Hawaii.p1_500.png,D:/NCAA_Images/FBS/_primary/Hawaii.p2_500.png,
Houston,#C8102E,#FFFFFF,#B2B4B2,,,,HOU,AAC,FBS,G5,248,TXHO,1040,D:/NCAA_Images/FBS/_primary/Houston.p1_500.png,D:/NCAA_Images/FBS/_primary/Houston.p2_500.png,
Illinois,#E04E39,#13294B,#FFFFFF,#707372,#A5ACAF,,ILL,B1G,FBS,P5,356,ILUN,1041,D:/NCAA_Images/FBS/_primary/Illinois.p1_500.png,D:/NCAA_Images/FBS/_primary/Illinois.p2_500.png,
Indiana,#990000,#EDEBEB,#ACA39A,#83786F,,,IND,B1G,FBS,P5,84,INUN,1042,D:/NCAA_Images/FBS/_primary/Indiana.p1_500.png,D:/NCAA_Images/FBS/_primary/Indiana.p2_500.png,
Iowa,#FCD116,#000000,#FFFFFF,#BBBCBC,,,IOWA,B1G,FBS,P5,2294,IAUN,1043,D:/NCAA_Images/FBS/_primary/Iowa.p1_500.png,D:/NCAA_Images/FBS/_primary/Iowa.p2_500.png,
Iowa State,#A71930,#FDC82F,#822433,#FADA63,,,ISU,B12,FBS,P5,66,IAST,1044,D:/NCAA_Images/FBS/_primary/Iowa_State.p1_500.png,D:/NCAA_Images/FBS/_primary/Iowa_State.p2_500.png,
Kansas,#0051BA,#E8000D,#FFFFFF,#FFC82D,#85898A,,KU,B12,FBS,P5,2305,KSUN,1045,D:/NCAA_Images/FBS/_primary/Kansas.p1_500.png,D:/NCAA_Images/FBS/_primary/Kansas.p2_500.png,
Kansas State,#330A57,#A7A9AC,#E2E3E4,#FFFFFF,#000000,,KSU,B12,FBS,P5,2306,KSST,1046,D:/NCAA_Images/FBS/_primary/Kansas_State.p1_500.png,D:/NCAA_Images/FBS/_primary/Kansas_State.p2_500.png,
Kent State,#003976,#EBAB21,#866D4B,,,,KENT,MAC,FBS,G5,2309,OHKS,1047,D:/NCAA_Images/FBS/_primary/Kent_State.p1_500.png,D:/NCAA_Images/FBS/_primary/Kent_State.p2_500.png,
Kentucky,#0033A0,#FFFFFF,#C8C9C7,#2C2A29,#A5ACAF,,UK,SEC,FBS,P5,96,KYUN,1048,D:/NCAA_Images/FBS/_primary/Kentucky.p1_500.png,D:/NCAA_Images/FBS/_primary/Kentucky.p2_500.png,
Liberty,#0A254E,#990000,#FFFFFF,#C6C7C9,,,LIB,FBSI,FBS,G5,2335,VALB,1049,D:/NCAA_Images/FBS/_primary/Liberty.p1_500.png,D:/NCAA_Images/FBS/_primary/Liberty.p2_500.png,
Louisiana,#CE181E,#FFFFFF,#0A0203,#C1C5C9,#F18C21,,ULL,SBC,FBS,G5,309,LASW,1050,D:/NCAA_Images/FBS/_primary/Louisiana.p1_500.png,D:/NCAA_Images/FBS/_primary/Louisiana.p2_500.png,
Louisiana Tech,#003087,#CB333B,#FFFFFF,#69B3E7,#A2AAAD,,LT,CUSA,FBS,G5,2348,LATC,1051,D:/NCAA_Images/FBS/_primary/Louisiana_Tech.p1_500.png,D:/NCAA_Images/FBS/_primary/Louisiana_Tech.p2_500.png,
Louisiana-Monroe,#862633,#EAAA00,#000000,#63666A,#C8C9C7,,ULM,SBC,FBS,G5,2433,LANE,1052,D:/NCAA_Images/FBS/_primary/Louisiana-Monroe.p1_500.png,D:/NCAA_Images/FBS/_primary/Louisiana-Monroe.p2_500.png,
Louisville,#C9001F,#000000,#FFFFFF,#8A8D8F,#FDB913,,LOU,ACC,FBS,P5,97,KYLO,1053,D:/NCAA_Images/FBS/_primary/Louisville.p1_500.png,D:/NCAA_Images/FBS/_primary/Louisville.p2_500.png,
LSU,#461D7C,#FDD023,#000000,#FFFFFF,,,LSU,SEC,FBS,P5,99,LAST,1054,D:/NCAA_Images/FBS/_primary/LSU.p1_500.png,D:/NCAA_Images/FBS/_primary/LSU.p2_500.png,
Marshall,#00B140,#27251F,#693F23,#A2AAAD,,,MRSH,CUSA,FBS,G5,276,WVMA,1055,D:/NCAA_Images/FBS/_primary/Marshall.p1_500.png,D:/NCAA_Images/FBS/_primary/Marshall.p2_500.png,
Maryland,#E21833,#F7D117,#000000,#FFFFFF,#AD7C59,,MD,B1G,FBS,P5,120,MDUN,1056,D:/NCAA_Images/FBS/_primary/Maryland.p1_500.png,D:/NCAA_Images/FBS/_primary/Maryland.p2_500.png,
Memphis,#003087,#898D8D,#FFFFFF,,,,MEM,AAC,FBS,G5,235,TNMS,1057,D:/NCAA_Images/FBS/_primary/Memphis.p1_500.png,D:/NCAA_Images/FBS/_primary/Memphis.p2_500.png,
Miami (FL),#F05A00,#005030,#FFFFFF,#333F48,#A2AAAD,#000000,MIA,ACC,FBS,P5,2390,FLMI,1058,D:/NCAA_Images/FBS/_primary/Miami_(FL).p1_500.png,D:/NCAA_Images/FBS/_primary/Miami_(FL).p2_500.png,
Miami (OH),#C3142D,#FFFFFF,#000000,,,,M-OH,MAC,FBS,G5,193,OHMI,1059,D:/NCAA_Images/FBS/_primary/Miami_(OH).p1_500.png,D:/NCAA_Images/FBS/_primary/Miami_(OH).p2_500.png,
Michigan,#FFCB05,#00274C,#FFFFFF,,,,MICH,B1G,FBS,P5,130,MIUN,1060,D:/NCAA_Images/FBS/_primary/Michigan.p1_500.png,D:/NCAA_Images/FBS/_primary/Michigan.p2_500.png,
Michigan State,#18453B,#FFFFFF,#8A8D8F,#69BE28,,,MSU,B1G,FBS,P5,127,MIST,1061,D:/NCAA_Images/FBS/_primary/Michigan_State.p1_500.png,D:/NCAA_Images/FBS/_primary/Michigan_State.p2_500.png,
Middle Tennessee,#005EB8,#FFFFFF,#C1C6C8,#000000,,,MTSU,CUSA,FBS,G5,2393,TNMI,1062,D:/NCAA_Images/FBS/_primary/Middle_Tennessee.p1_500.png,D:/NCAA_Images/FBS/_primary/Middle_Tennessee.p2_500.png,
Minnesota,#7A0019,#FFCC33,#FFFFFF,,,,MINN,B1G,FBS,P5,135,MNUN,1063,D:/NCAA_Images/FBS/_primary/Minnesota.p1_500.png,D:/NCAA_Images/FBS/_primary/Minnesota.p2_500.png,
Mississippi State,#5D1725,#C1C6C8,#777777,#FFFFFF,#000000,,MSST,SEC,FBS,P5,344,MSST,1064,D:/NCAA_Images/FBS/_primary/Mississippi_State.p1_500.png,D:/NCAA_Images/FBS/_primary/Mississippi_State.p2_500.png,
Missouri,#000000,#F1B82D,#FFFFFF,#373A36,,,MIZ,SEC,FBS,P5,142,MOUN,1065,D:/NCAA_Images/FBS/_primary/Missouri.p1_500.png,D:/NCAA_Images/FBS/_primary/Missouri.p2_500.png,
Navy,#00205B,#C5C19D,#FFC425,,,,NAVY,AAC,FBS,G5,2426,MDNA,1066,D:/NCAA_Images/FBS/_primary/Navy.p1_500.png,D:/NCAA_Images/FBS/_primary/Navy.p2_500.png,
NC State,#CC0000,#000000,#FFFFFF,,,,NCST,ACC,FBS,P5,152,NCST,1067,D:/NCAA_Images/FBS/_primary/NC_State.p1_500.png,D:/NCAA_Images/FBS/_primary/NC_State.p2_500.png,
Nebraska,#E41C38,#FFFFFF,#000000,#FDF2D9,,,NEB,B1G,FBS,P5,158,NEUN,1068,D:/NCAA_Images/FBS/_primary/Nebraska.p1_500.png,D:/NCAA_Images/FBS/_primary/Nebraska.p2_500.png,
Nevada,#041E42,#999999,#8A8D8F,,,,NEV,MWC,FBS,G5,2440,NVRE,1069,D:/NCAA_Images/FBS/_primary/Nevada.p1_500.png,D:/NCAA_Images/FBS/_primary/Nevada.p2_500.png,
New Mexico,#BA0C2F,#A7A8AA,#63666A,#007A86,#000000,,UNM,MWC,FBS,G5,167,NMUN,1070,D:/NCAA_Images/FBS/_primary/New_Mexico.p1_500.png,D:/NCAA_Images/FBS/_primary/New_Mexico.p2_500.png,
New Mexico State,#8C0B42,#000000,#FFFFFF,#6D6E71,,,NMSU,FBSI,FBS,G5,166,NMST,1071,D:/NCAA_Images/FBS/_primary/New_Mexico_State.p1_500.png,D:/NCAA_Images/FBS/_primary/New_Mexico_State.p2_500.png,
North Carolina,#7BAFD4,#FFFFFF,#13294B,#2C2A29,#8D9092,#A2AAAD,UNC,ACC,FBS,P5,153,NCUN,1072,D:/NCAA_Images/FBS/_primary/North_Carolina.p1_500.png,D:/NCAA_Images/FBS/_primary/North_Carolina.p2_500.png,
North Texas,#00853E,#FFFFFF,#000000,#00A950,#509E2F,#C4D600,UNT,CUSA,FBS,G5,249,TXNO,1073,D:/NCAA_Images/FBS/_primary/North_Texas.p1_500.png,D:/NCAA_Images/FBS/_primary/North_Texas.p2_500.png,
Northern Illinois,#C8102E,#000000,#A5A7A8,#9EA2A2,#FFFFFF,,NIU,MAC,FBS,G5,2459,ILNO,1074,D:/NCAA_Images/FBS/_primary/Northern_Illinois.p1_500.png,D:/NCAA_Images/FBS/_primary/Northern_Illinois.p2_500.png,
Northwestern,#4E2A84,#000000,#FFFFFF,,,,NW,B1G,FBS,P5,77,ILNW,1075,D:/NCAA_Images/FBS/_primary/Northwestern.p1_500.png,D:/NCAA_Images/FBS/_primary/Northwestern.p2_500.png,
Notre Dame,#0C2340,#C99700,#00843D,#FFFFFF,,,ND,FBSI,FBS,P5,87,INND,1076,D:/NCAA_Images/FBS/_primary/Notre_Dame.p1_500.png,D:/NCAA_Images/FBS/_primary/Notre_Dame.p2_500.png,
Ohio,#00694E,#FFFFFF,#000000,,,,OHIO,MAC,FBS,G5,195,OHUN,1077,D:/NCAA_Images/FBS/_primary/Ohio.p1_500.png,D:/NCAA_Images/FBS/_primary/Ohio.p2_500.png,
Ohio State,#BB0000,#666666,#FFFFFF,#000000,#B0B7BC,,OSU,B1G,FBS,P5,194,OHST,1078,D:/NCAA_Images/FBS/_primary/Ohio_State.p1_500.png,D:/NCAA_Images/FBS/_primary/Ohio_State.p2_500.png,
Oklahoma,#841617,#FFFFFF,#000000,,,,OKLA,B12,FBS,P5,201,OKUN,1079,D:/NCAA_Images/FBS/_primary/Oklahoma.p1_500.png,D:/NCAA_Images/FBS/_primary/Oklahoma.p2_500.png,
Oklahoma State,#FE5C00,#000000,#63666A,#D0D0CE,#FF8F1C,#DFD1A7,OKST,B12,FBS,P5,197,OKST,1080,D:/NCAA_Images/FBS/_primary/Oklahoma_State.p1_500.png,D:/NCAA_Images/FBS/_primary/Oklahoma_State.p2_500.png,
Old Dominion,#003057,#8A8D8F,#98C5EA,#A2AAAD,#000000,#FFFFFF,ODU,CUSA,FBS,G5,295,VAOD,1081,D:/NCAA_Images/FBS/_primary/Old_Dominion.p1_500.png,D:/NCAA_Images/FBS/_primary/Old_Dominion.p2_500.png,
Ole Miss,#CE1126,#14213D,#FFFFFF,#747679,,,MISS,SEC,FBS,P5,145,MSUN,1082,D:/NCAA_Images/FBS/_primary/Ole_Miss.p1_500.png,D:/NCAA_Images/FBS/_primary/Ole_Miss.p2_500.png,
Oregon,#FCE122,#18453B,#FFFFFF,#000000,,,ORE,PAC,FBS,P5,2483,ORUN,1083,D:/NCAA_Images/FBS/_primary/Oregon.p1_500.png,D:/NCAA_Images/FBS/_primary/Oregon.p2_500.png,
Oregon State,#D73F09,#000000,#FFFFFF,,,,ORST,PAC,FBS,P5,204,ORST,1084,D:/NCAA_Images/FBS/_primary/Oregon_State.p1_500.png,D:/NCAA_Images/FBS/_primary/Oregon_State.p2_500.png,
Penn State,#041E42,#FFFFFF,#A2AAAD,,,,PSU,B1G,FBS,P5,213,PAST,1085,D:/NCAA_Images/FBS/_primary/Penn_State.p1_500.png,D:/NCAA_Images/FBS/_primary/Penn_State.p2_500.png,
Pittsburgh,#003594,#FFB81C,#FFFFFF,#373A36,#2C2A29,,PITT,ACC,FBS,P5,221,PAPT,1086,D:/NCAA_Images/FBS/_primary/Pittsburgh.p1_500.png,D:/NCAA_Images/FBS/_primary/Pittsburgh.p2_500.png,
Purdue,#CFB991,#000000,#9D9795,#FFFFFF,#373A36,#DAAA00,PUR,B1G,FBS,P5,2509,INPU,1087,D:/NCAA_Images/FBS/_primary/Purdue.p1_500.png,D:/NCAA_Images/FBS/_primary/Purdue.p2_500.png,
Rice,#00205B,#C1C6C8,#FFFFFF,,,,RICE,CUSA,FBS,G5,242,TXRI,1088,D:/NCAA_Images/FBS/_primary/Rice.p1_500.png,D:/NCAA_Images/FBS/_primary/Rice.p2_500.png,
Rutgers,#CC0033,#000000,#5F6A72,,,,RUTG,B1G,FBS,P5,164,NJRU,1089,D:/NCAA_Images/FBS/_primary/Rutgers.p1_500.png,D:/NCAA_Images/FBS/_primary/Rutgers.p2_500.png,
San Diego State,#A6192E,#000000,#FFFFFF,,,,SDST,MWC,FBS,G5,21,CASS,1090,D:/NCAA_Images/FBS/_primary/San_Diego_State.p1_500.png,D:/NCAA_Images/FBS/_primary/San_Diego_State.p2_500.png,
San Jose State,#0055A2,#E5A823,#FFFFFF,#939597,,,SJSU,MWC,FBS,G5,23,CASJ,1091,D:/NCAA_Images/FBS/_primary/San_Jose_State.p1_500.png,D:/NCAA_Images/FBS/_primary/San_Jose_State.p2_500.png,
SMU,#CC0035,#354CA1,#000000,,,,SMU,AAC,FBS,G5,2567,TXMU,1092,D:/NCAA_Images/FBS/_primary/SMU.p1_500.png,D:/NCAA_Images/FBS/_primary/SMU.p2_500.png,
South Alabama,#00205B,#BF0D3E,#FFFFFF,#00A9E0,,,USA,SBC,FBS,G5,6,ALSO,1093,D:/NCAA_Images/FBS/_primary/South_Alabama.p1_500.png,D:/NCAA_Images/FBS/_primary/South_Alabama.p2_500.png,
South Carolina,#73000A,#000000,#FFFFFF,,,,SC,SEC,FBS,P5,2579,SCUN,1094,D:/NCAA_Images/FBS/_primary/South_Carolina.p1_500.png,D:/NCAA_Images/FBS/_primary/South_Carolina.p2_500.png,
South Florida,#006747,#CFC493,#FFFFFF,,,,USF,AAC,FBS,G5,58,FLSO,1095,D:/NCAA_Images/FBS/_primary/South_Florida.p1_500.png,D:/NCAA_Images/FBS/_primary/South_Florida.p2_500.png,
Southern Miss,#000000,#FFD046,#FFAB00,,,,USM,CUSA,FBS,G5,2572,MSSO,1096,D:/NCAA_Images/FBS/_primary/Southern_Miss.p1_500.png,D:/NCAA_Images/FBS/_primary/Southern_Miss.p2_500.png,
Stanford,#8C1515,#FFFFFF,,,,,STAN,PAC,FBS,P5,24,CAST,1097,D:/NCAA_Images/FBS/_primary/Stanford.p1_500.png,D:/NCAA_Images/FBS/_primary/Stanford.p2_500.png,
Syracuse,#F76900,#000E54,#FFFFFF,,,,SYR,ACC,FBS,P5,183,NYSY,1098,D:/NCAA_Images/FBS/_primary/Syracuse.p1_500.png,D:/NCAA_Images/FBS/_primary/Syracuse.p2_500.png,
TCU,#4D1979,#FFFFFF,#A3A9AC,#000000,,,TCU,B12,FBS,P5,2628,TXCU,1099,D:/NCAA_Images/FBS/_primary/TCU.p1_500.png,D:/NCAA_Images/FBS/_primary/TCU.p2_500.png,
Temple,#990033,#FFFFFF,#C3C8C8,#000000,#8A8D8F,#FECB00,TEM,AAC,FBS,G5,218,PATE,1100,D:/NCAA_Images/FBS/_primary/Temple.p1_500.png,D:/NCAA_Images/FBS/_primary/Temple.p2_500.png,
Tennessee,#FF8200,#FFFFFF,#58595B,#006C93,,,TENN,SEC,FBS,P5,2633,TNUN,1101,D:/NCAA_Images/FBS/_primary/Tennessee.p1_500.png,D:/NCAA_Images/FBS/_primary/Tennessee.p2_500.png,
Texas,#BF5700,#333F48,#FFFFFF,,,,TEX,B12,FBS,P5,251,TXUN,1102,D:/NCAA_Images/FBS/_primary/Texas.p1_500.png,D:/NCAA_Images/FBS/_primary/Texas.p2_500.png,
Texas A&M,#500000,#FFFFFF,#666666,#999999,#000000,,TAMU,SEC,FBS,P5,245,TXAM,1103,D:/NCAA_Images/FBS/_primary/Texas_A&M.p1_500.png,D:/NCAA_Images/FBS/_primary/Texas_A&M.p2_500.png,
Texas State,#501214,#8D734A,#000000,,,,TXST,SBC,FBS,G5,326,TXSW,1104,D:/NCAA_Images/FBS/_primary/Texas_State.p1_500.png,D:/NCAA_Images/FBS/_primary/Texas_State.p2_500.png,
Texas Tech,#CC0000,#000000,#FFFFFF,#CCCCCC,#333333,,TTU,B12,FBS,P5,2641,TXTC,1105,D:/NCAA_Images/FBS/_primary/Texas_Tech.p1_500.png,D:/NCAA_Images/FBS/_primary/Texas_Tech.p2_500.png,
Toledo,#003E7E,#FFD200,#102B5F,#FFFFFF,#134FC9,,TOL,MAC,FBS,G5,2649,OHTO,1106,D:/NCAA_Images/FBS/_primary/Toledo.p1_500.png,D:/NCAA_Images/FBS/_primary/Toledo.p2_500.png,
Troy,#6D0017,#B2B3B5,#000000,#FFFFFF,,,TROY,SBC,FBS,G5,2653,ALTR,1107,D:/NCAA_Images/FBS/_primary/Troy.p1_500.png,D:/NCAA_Images/FBS/_primary/Troy.p2_500.png,
Tulane,#006747,#418FDE,#FFFFFF,#0DB02B,#000000,,TULN,AAC,FBS,G5,2655,LATU,1108,D:/NCAA_Images/FBS/_primary/Tulane.p1_500.png,D:/NCAA_Images/FBS/_primary/Tulane.p2_500.png,
Tulsa,#002D72,#C5B783,#C8102E,,,,TLSA,AAC,FBS,G5,202,OKTU,1109,D:/NCAA_Images/FBS/_primary/Tulsa.p1_500.png,D:/NCAA_Images/FBS/_primary/Tulsa.p2_500.png,
UAB,#295135,#AA9767,#000000,#1E6B52,#FFD400,#EA6852,UAB,CUSA,FBS,G5,5,ALBI,1110,D:/NCAA_Images/FBS/_primary/UAB.p1_500.png,D:/NCAA_Images/FBS/_primary/UAB.p2_500.png,
UCF,#B7A369,#000000,#FFFFFF,,,,UCF,AAC,FBS,G5,2116,FLCE,1111,D:/NCAA_Images/FBS/_primary/UCF.p1_500.png,D:/NCAA_Images/FBS/_primary/UCF.p2_500.png,
UCLA,#2774AE,#F2A900,#FFFFFF,,,,UCLA,PAC,FBS,P5,26,CALA,1112,D:/NCAA_Images/FBS/_primary/UCLA.p1_500.png,D:/NCAA_Images/FBS/_primary/UCLA.p2_500.png,
UMass,#971B2F,#B1B3B3,#572932,#27251F,#FFFFFF,,MASS,FBSI,FBS,G5,113,MAUN,1113,D:/NCAA_Images/FBS/_primary/UMass.p1_500.png,D:/NCAA_Images/FBS/_primary/UMass.p2_500.png,
UNLV,#CF0A2C,#CAC8C8,#000000,#FFFFFF,,,UNLV,MWC,FBS,G5,2439,NVLV,1114,D:/NCAA_Images/FBS/_primary/UNLV.p1_500.png,D:/NCAA_Images/FBS/_primary/UNLV.p2_500.png,
USC,#902235,#FFC72C,#FFFFFF,#000000,,,USC,PAC,FBS,P5,30,CASC,1115,D:/NCAA_Images/FBS/_primary/USC.p1_500.png,D:/NCAA_Images/FBS/_primary/USC.p2_500.png,
Utah,#AC162C,#000000,#FFFFFF,#808080,,,UTAH,PAC,FBS,P5,254,UTUN,1116,D:/NCAA_Images/FBS/_primary/Utah.p1_500.png,D:/NCAA_Images/FBS/_primary/Utah.p2_500.png,
Utah State,#00263A,#8A8D8F,#FFFFFF,#D0D0CE,,,USU,MWC,FBS,G5,328,UTST,1117,D:/NCAA_Images/FBS/_primary/Utah_State.p1_500.png,D:/NCAA_Images/FBS/_primary/Utah_State.p2_500.png,
UTEP,#FF8200,#041E42,#B1B3B3,,,,UTEP,CUSA,FBS,G5,2638,TXEP,1118,D:/NCAA_Images/FBS/_primary/UTEP.p1_500.png,D:/NCAA_Images/FBS/_primary/UTEP.p2_500.png,
UTSA,#DD4814,#002244,#000000,#FFFFFF,,,UTSA,CUSA,FBS,G5,2636,TXSN,1119,D:/NCAA_Images/FBS/_primary/UTSA.p1_500.png,D:/NCAA_Images/FBS/_primary/UTSA.p2_500.png,
Vanderbilt,#CEB888 ,#000000,#FFFFFF,,,,VAN,SEC,FBS,P5,238,TNVA,1120,D:/NCAA_Images/FBS/_primary/Vanderbilt.p1_500.png,D:/NCAA_Images/FBS/_primary/Vanderbilt.p2_500.png,
Virginia,#F84C1E,#232D4B,#FFFFFF,#FF6A14,#0D3B71,#C8C9C7,UVA,ACC,FBS,P5,258,VAUN,1121,D:/NCAA_Images/FBS/_primary/Virginia.p1_500.png,D:/NCAA_Images/FBS/_primary/Virginia.p2_500.png,
Virginia Tech,#861F41,#E87722,#000000,#FFFFFF,,,VT,ACC,FBS,P5,259,VAPI,1122,D:/NCAA_Images/FBS/_primary/Virginia_Tech.p1_500.png,D:/NCAA_Images/FBS/_primary/Virginia_Tech.p2_500.png,
Wake Forest,#CEB888,#2C2A29,#373A36,#E5E0D9,#FFFFFF,,WAKE,ACC,FBS,P5,154,NCWF,1123,D:/NCAA_Images/FBS/_primary/Wake_Forest.p1_500.png,D:/NCAA_Images/FBS/_primary/Wake_Forest.p2_500.png,
Washington,#33006F,#E8D3A2,#FFFFFF,#D8D9DA,,,WASH,PAC,FBS,P5,264,WAUN,1124,D:/NCAA_Images/FBS/_primary/Washington.p1_500.png,D:/NCAA_Images/FBS/_primary/Washington.p2_500.png,
Washington State,#9D2235,#5E6A71,#FFFFFF,#000000,#A5ACAF,#382E2C,WSU,PAC,FBS,P5,265,WAST,1125,D:/NCAA_Images/FBS/_primary/Washington_State.p1_500.png,D:/NCAA_Images/FBS/_primary/Washington_State.p2_500.png,
West Virginia,#EAAA00,#002855,#707372,#373A36,,,WVU,B12,FBS,P5,277,WVUN,1126,D:/NCAA_Images/FBS/_primary/West_Virginia.p1_500.png,D:/NCAA_Images/FBS/_primary/West_Virginia.p2_500.png,
Western Kentucky,#C60C30,#1E1E1E,#FFFFFF,#A2A4A3,,,WKU,CUSA,FBS,G5,98,KYWE,1127,D:/NCAA_Images/FBS/_primary/Western_Kentucky.p1_500.png,D:/NCAA_Images/FBS/_primary/Western_Kentucky.p2_500.png,
Western Michigan,#6C4023,#B5A167,#231F20,#AAA8AA,#FFFFFF,,WMU,MAC,FBS,G5,2711,MIWE,1128,D:/NCAA_Images/FBS/_primary/Western_Michigan.p1_500.png,D:/NCAA_Images/FBS/_primary/Western_Michigan.p2_500.png,
Wisconsin,#C4012F,#FFFFFF,#000000,,,,WIS,B1G,FBS,P5,275,WIUN,1129,D:/NCAA_Images/FBS/_primary/Wisconsin.p1_500.png,D:/NCAA_Images/FBS/_primary/Wisconsin.p2_500.png,
Wyoming,#FFC72C,#4E3629,#FFFFFF,,,,WYO,MWC,FBS,G5,2751,WYUN,1130,D:/NCAA_Images/FBS/_primary/Wyoming.p1_500.png,D:/NCAA_Images/FBS/_primary/Wyoming.p2_500.png,
,,,,,,,,,,,,,,,,
,,,,,,,,,,,,,,,,
Abilene Christian,#4E2683,#FFFFFF,,,,,ACU,SL,FCS,FCS,2000,TXAC,2001,D:/NCAA_Images/FCS/_primary/Abilene_Christian.p1_500.png,D:/NCAA_Images/FCS/_primary/Abilene_Christian.p2_500.png,
Alabama A&M,#862633,#FFFFFF,,,,,AAMU,SWAC,FCS,FCS,2010,ALAM,2002,D:/NCAA_Images/FCS/_primary/Alabama_A&M.p1_500.png,D:/NCAA_Images/FCS/_primary/Alabama_A&M.p2_500.png,
Alabama State,#C49E0D,#000000,,,,,ALST,SWAC,FCS,FCS,2011,ALST,2003,D:/NCAA_Images/FCS/_primary/Alabama_State.p1_500.png,D:/NCAA_Images/FCS/_primary/Alabama_State.p2_500.png,
Albany,#46166B,#EEB211,#A2AAAD,#FFFFFF,#000000,,ALBY,CAA,FCS,FCS,399,NYAB,2004,D:/NCAA_Images/FCS/_primary/Albany.p1_500.png,D:/NCAA_Images/FCS/_primary/Albany.p2_500.png,
Alcorn State,#46166A,#E9A713,,,,,ALCN,SWAC,FCS,FCS,2016,MSAL,2005,D:/NCAA_Images/FCS/_primary/Alcorn_State.p1_500.png,D:/NCAA_Images/FCS/_primary/Alcorn_State.p2_500.png,
Arkansas-Pine Bluff,#EEB310,#000000,,,,,UAPB,SWAC,FCS,FCS,2029,ARPB,2006,D:/NCAA_Images/FCS/_primary/Arkansas-Pine_Bluff.p1_500.png,D:/NCAA_Images/FCS/_primary/Arkansas-Pine_Bluff.p2_500.png,
Austin Peay,#C41E3A,#FFFFFF,#000000,#A2AAAD,,,PEAY,OVC,FCS,FCS,2046,TNAP,2007,D:/NCAA_Images/FCS/_primary/Austin_Peay.p1_500.png,D:/NCAA_Images/FCS/_primary/Austin_Peay.p2_500.png,
Bethune-Cookman,#6F263D,#F2A900,,,,,BCU,MEAC,FCS,FCS,2065,FLBC,2008,D:/NCAA_Images/FCS/_primary/Bethune-Cookman.p1_500.png,D:/NCAA_Images/FCS/_primary/Bethune-Cookman.p2_500.png,
Brown,#4E3629,#ED1C24,,,,,BRWN,IVY,FCS,FCS,225,RIBR,2009,D:/NCAA_Images/FCS/_primary/Brown.p1_500.png,D:/NCAA_Images/FCS/_primary/Brown.p2_500.png,
Bryant,#231F20,#B09863,,,,,BRY,NEC,FCS,FCS,2803,RIBT,2010,D:/NCAA_Images/FCS/_primary/Bryant.p1_500.png,D:/NCAA_Images/FCS/_primary/Bryant.p2_500.png,
Bucknell,#003865,#E87722,,,,,BUCK,PAT,FCS,FCS,2083,PABU,2011,D:/NCAA_Images/FCS/_primary/Bucknell.p1_500.png,D:/NCAA_Images/FCS/_primary/Bucknell.p2_500.png,
Butler,#13294B,#FFFFFF,,,,,BUT,PIO,FCS,FCS,2086,INBU,2012,D:/NCAA_Images/FCS/_primary/Butler.p1_500.png,D:/NCAA_Images/FCS/_primary/Butler.p2_500.png,
Cal Poly,#003831,#FFE395,,,,,CP,SKY,FCS,FCS,13,CASL,2013,D:/NCAA_Images/FCS/_primary/Cal_Poly.p1_500.png,D:/NCAA_Images/FCS/_primary/Cal_Poly.p2_500.png,
Campbell,#EA7125,#1E252B,#FFFFFF,,,,CAMP,BS,FCS,FCS,2097,NCCM,2014,D:/NCAA_Images/FCS/_primary/Campbell.p1_500.png,D:/NCAA_Images/FCS/_primary/Campbell.p2_500.png,
Central Arkansas,#4F2D7F,#818A8F,#000000,#FFFFFF,,,UCA,SL,FCS,FCS,2110,ARCE,2015,D:/NCAA_Images/FCS/_primary/Central_Arkansas.p1_500.png,D:/NCAA_Images/FCS/_primary/Central_Arkansas.p2_500.png,
Central Connecticut,#003087,#FFFFFF,,,,,CCSU,NEC,FCS,FCS,2115,CTCE,2016,D:/NCAA_Images/FCS/_primary/Central_Connecticut.p1_500.png,D:/NCAA_Images/FCS/_primary/Central_Connecticut.p2_500.png,
Charleston Southern,#002855,#A89968,#00254A,#907258,#E4E5E6,#000000,CHSO,BS,FCS,FCS,2127,SCCH,2017,D:/NCAA_Images/FCS/_primary/Charleston_Southern.p1_500.png,D:/NCAA_Images/FCS/_primary/Charleston_Southern.p2_500.png,
Chattanooga,#112E51,#FDB736,,,,,CHAT,SC,FCS,FCS,236,TNCH,2018,D:/NCAA_Images/FCS/_primary/Chattanooga.p1_500.png,D:/NCAA_Images/FCS/_primary/Chattanooga.p2_500.png,
Colgate,#821019,#FFFFFF,,,,,COLG,PAT,FCS,FCS,2142,NYCG,2019,D:/NCAA_Images/FCS/_primary/Colgate.p1_500.png,D:/NCAA_Images/FCS/_primary/Colgate.p2_500.png,
Columbia,#003373,#ACCCE6,,,,,CLMB,IVY,FCS,FCS,171,NYCL,2020,D:/NCAA_Images/FCS/_primary/Columbia.p1_500.png,D:/NCAA_Images/FCS/_primary/Columbia.p2_500.png,
Cornell,#B31B1B,#FFFFFF,,,,,COR,IVY,FCS,FCS,172,NYCN,2021,D:/NCAA_Images/FCS/_primary/Cornell.p1_500.png,D:/NCAA_Images/FCS/_primary/Cornell.p2_500.png,
Dartmouth,#00693E,#FFFFFF,,,,,DART,IVY,FCS,FCS,159,NHDA,2022,D:/NCAA_Images/FCS/_primary/Dartmouth.p1_500.png,D:/NCAA_Images/FCS/_primary/Dartmouth.p2_500.png,
Davidson,#AC1A2F,#000000,,,,,DAV,PIO,FCS,FCS,2166,NCDA,2023,D:/NCAA_Images/FCS/_primary/Davidson.p1_500.png,D:/NCAA_Images/FCS/_primary/Davidson.p2_500.png,
Dayton,#D70036,#002F87,,,,,DAY,PIO,FCS,FCS,2168,OHDA,2024,D:/NCAA_Images/FCS/_primary/Dayton.p1_500.png,D:/NCAA_Images/FCS/_primary/Dayton.p2_500.png,
Delaware,#00539F,#FFD200,#000000,#BDBDBD,#FFFFFF,,DEL,CAA,FCS,FCS,48,DEUN,2025,D:/NCAA_Images/FCS/_primary/Delaware.p1_500.png,D:/NCAA_Images/FCS/_primary/Delaware.p2_500.png,
Delaware State,#EE3124,#72CDF4,,,,,DSU,MEAC,FCS,FCS,2169,DEST,2026,D:/NCAA_Images/FCS/_primary/Delaware_State.p1_500.png,D:/NCAA_Images/FCS/_primary/Delaware_State.p2_500.png,
Dixie State,#BA1C21,#0C233F,#A0A1A2,#FFFFFF,#000000,,DIX,FCSI,FCS,FCS,3101,UTDX,2027,D:/NCAA_Images/FCS/_primary/Dixie_State.p1_500.png,D:/NCAA_Images/FCS/_primary/Dixie_State.p2_500.png,
Drake,#003B73,#FFFFFF,,,,,DRKE,PIO,FCS,FCS,2181,IADR,2028,D:/NCAA_Images/FCS/_primary/Drake.p1_500.png,D:/NCAA_Images/FCS/_primary/Drake.p2_500.png,
Duquesne,#012169,#E40046,,,,,DUQ,NEC,FCS,FCS,2184,PADU,2029,D:/NCAA_Images/FCS/_primary/Duquesne.p1_500.png,D:/NCAA_Images/FCS/_primary/Duquesne.p2_500.png,
East Tennessee State,#041E42,#FFC72C,,,,,ETSU,SC,FCS,FCS,2193,TNEA,2030,D:/NCAA_Images/FCS/_primary/East_Tennessee_State.p1_500.png,D:/NCAA_Images/FCS/_primary/East_Tennessee_State.p2_500.png,
Eastern Illinois,#004C97,#666666,,,,,EIU,OVC,FCS,FCS,2197,ILEA,2031,D:/NCAA_Images/FCS/_primary/Eastern_Illinois.p1_500.png,D:/NCAA_Images/FCS/_primary/Eastern_Illinois.p2_500.png,
Eastern Kentucky,#4C151E,#FFFFFF,#B5B5B5,#000000,,,EKY,OVC,FCS,FCS,2198,KYEA,2032,D:/NCAA_Images/FCS/_primary/Eastern_Kentucky.p1_500.png,D:/NCAA_Images/FCS/_primary/Eastern_Kentucky.p2_500.png,
Eastern Washington,#A10022,#000000,,,,,EWU,SKY,FCS,FCS,331,WAEA,2033,D:/NCAA_Images/FCS/_primary/Eastern_Washington.p1_500.png,D:/NCAA_Images/FCS/_primary/Eastern_Washington.p2_500.png,
Elon,#73000A,#B59A57,#000000,#FFFFFF,,,ELON,CAA,FCS,FCS,2210,NCEL,2034,D:/NCAA_Images/FCS/_primary/Elon.p1_500.png,D:/NCAA_Images/FCS/_primary/Elon.p2_500.png,
Florida A&M,#F4811F,#008344,,,,,FAMU,MEAC,FCS,FCS,50,FLAM,2035,D:/NCAA_Images/FCS/_primary/Florida_A&M.p1_500.png,D:/NCAA_Images/FCS/_primary/Florida_A&M.p2_500.png,
Fordham,#700429,#838070,,,,,FOR,PAT,FCS,FCS,2230,NYFO,2036,D:/NCAA_Images/FCS/_primary/Fordham.p1_500.png,D:/NCAA_Images/FCS/_primary/Fordham.p2_500.png,
Furman,#582C83,#FFFFFF,,,,,FUR,SC,FCS,FCS,231,SCFU,2037,D:/NCAA_Images/FCS/_primary/Furman.p1_500.png,D:/NCAA_Images/FCS/_primary/Furman.p2_500.png,
Gardner-Webb,#BF2F37,#000000,#FFFFFF,,,,WEBB,BS,FCS,FCS,2241,NCGW,2038,D:/NCAA_Images/FCS/_primary/Gardner-Webb.p1_500.png,D:/NCAA_Images/FCS/_primary/Gardner-Webb.p2_500.png,
Georgetown,#041E42,#AFA9A0,,,,,GTWN,PAT,FCS,FCS,46,DCGT,2039,D:/NCAA_Images/FCS/_primary/Georgetown.p1_500.png,D:/NCAA_Images/FCS/_primary/Georgetown.p2_500.png,
Grambling State,#EAAA00,#000000,,,,,GRAM,SWAC,FCS,FCS,2755,LAGR,2040,D:/NCAA_Images/FCS/_primary/Grambling_State.p1_500.png,D:/NCAA_Images/FCS/_primary/Grambling_State.p2_500.png,
Hampton,#001489,#FFFFFF,,,,,HAMP,BS,FCS,FCS,2261,VAHI,2041,D:/NCAA_Images/FCS/_primary/Hampton.p1_500.png,D:/NCAA_Images/FCS/_primary/Hampton.p2_500.png,
Harvard,#A51C30,#000000,,,,,HARV,IVY,FCS,FCS,108,MAHA,2042,D:/NCAA_Images/FCS/_primary/Harvard.p1_500.png,D:/NCAA_Images/FCS/_primary/Harvard.p2_500.png,
Holy Cross,#602D89,#FFFFFF,,,,,HC,PAT,FCS,FCS,107,MAHC,2043,D:/NCAA_Images/FCS/_primary/Holy_Cross.p1_500.png,D:/NCAA_Images/FCS/_primary/Holy_Cross.p2_500.png,
Houston Baptist,#00529C,#F85512,#FFFFFF,,,,HBU,SL,FCS,FCS,2277,TXHT,2044,D:/NCAA_Images/FCS/_primary/Houston_Baptist.p1_500.png,D:/NCAA_Images/FCS/_primary/Houston_Baptist.p2_500.png,
Howard,#003A63,#E51937,,,,,HOW,MEAC,FCS,FCS,47,DCHO,2045,D:/NCAA_Images/FCS/_primary/Howard.p1_500.png,D:/NCAA_Images/FCS/_primary/Howard.p2_500.png,
Idaho,#B18E5F,#9F9D9D,,,,,IDA,SKY,FCS,FCS,70,IDUN,2046,D:/NCAA_Images/FCS/_primary/Idaho.p1_500.png,D:/NCAA_Images/FCS/_primary/Idaho.p2_500.png,
Idaho State,#F47920,#000000,,,,,IDST,SKY,FCS,FCS,304,IDST,2047,D:/NCAA_Images/FCS/_primary/Idaho_State.p1_500.png,D:/NCAA_Images/FCS/_primary/Idaho_State.p2_500.png,
Illinois State,#CE1126,#FFFFFF,,,,,ILST,MVC,FCS,FCS,2287,ILST,2048,D:/NCAA_Images/FCS/_primary/Illinois_State.p1_500.png,D:/NCAA_Images/FCS/_primary/Illinois_State.p2_500.png,
Incarnate Word,#CB333B,#000000,,,,,IW,SL,FCS,FCS,2916,TXIW,2049,D:/NCAA_Images/FCS/_primary/Incarnate_Word.p1_500.png,D:/NCAA_Images/FCS/_primary/Incarnate_Word.p2_500.png,
Indiana State,#003DA7,#D0D0CE,,,,,INST,MVC,FCS,FCS,282,INST,2050,D:/NCAA_Images/FCS/_primary/Indiana_State.p1_500.png,D:/NCAA_Images/FCS/_primary/Indiana_State.p2_500.png,
Jackson State,#002147,#FFFFFF,,,,,JKST,SWAC,FCS,FCS,2296,MSJA,2051,D:/NCAA_Images/FCS/_primary/Jackson_State.p1_500.png,D:/NCAA_Images/FCS/_primary/Jackson_State.p2_500.png,
Jacksonville State,#C8102E,#000000,,,,,JVST,OVC,FCS,FCS,55,ALJA,2052,D:/NCAA_Images/FCS/_primary/Jacksonville_State.p1_500.png,D:/NCAA_Images/FCS/_primary/Jacksonville_State.p2_500.png,
James Madison,#450084,#B3A369,#FFFFFF,#000000,#B1B3B3,#DA291C,JMU,CAA,FCS,FCS,256,VAJM,2053,D:/NCAA_Images/FCS/_primary/James_Madison.p1_500.png,D:/NCAA_Images/FCS/_primary/James_Madison.p2_500.png,
Kennesaw State,#FDBB30,#0B1315,#C5C6C8,,,,KENN,BS,FCS,FCS,338,GAKS,2054,D:/NCAA_Images/FCS/_primary/Kennesaw_State.p1_500.png,D:/NCAA_Images/FCS/_primary/Kennesaw_State.p2_500.png,
Lafayette,#862633,#866D4B,,,,,LAF,PAT,FCS,FCS,322,PALF,2055,D:/NCAA_Images/FCS/_primary/Lafayette.p1_500.png,D:/NCAA_Images/FCS/_primary/Lafayette.p2_500.png,
Lamar,#D50032,#FFFFFF,,,,,LAM,SL,FCS,FCS,2320,TXLA,2056,D:/NCAA_Images/FCS/_primary/Lamar.p1_500.png,D:/NCAA_Images/FCS/_primary/Lamar.p2_500.png,
Lehigh,#4F2608,#BA9E66,,,,,LEH,PAT,FCS,FCS,2329,PALE,2057,D:/NCAA_Images/FCS/_primary/Lehigh.p1_500.png,D:/NCAA_Images/FCS/_primary/Lehigh.p2_500.png,
Long Island,#69B3E7,#FFC72C,,,,,LIU,NEC,FCS,FCS,112358,NYCW,2058,D:/NCAA_Images/FCS/_primary/Long_Island.p1_500.png,D:/NCAA_Images/FCS/_primary/Long_Island.p2_500.png,
Maine,#003263,#B0D7FF,#FFFFFF,#000000,#908C89,#AB0634,MAIN,CAA,FCS,FCS,311,MEUN,2059,D:/NCAA_Images/FCS/_primary/Maine.p1_500.png,D:/NCAA_Images/FCS/_primary/Maine.p2_500.png,
Marist,#C8102E,#FFFFFF,,,,,MRST,PIO,FCS,FCS,2368,NYMR,2060,D:/NCAA_Images/FCS/_primary/Marist.p1_500.png,D:/NCAA_Images/FCS/_primary/Marist.p2_500.png,
McNeese State,#00529B,#FFD204,,,,,MCNS,SL,FCS,FCS,2377,LAMC,2061,D:/NCAA_Images/FCS/_primary/McNeese_State.p1_500.png,D:/NCAA_Images/FCS/_primary/McNeese_State.p2_500.png,
Mercer,#F76800,#222222,,,,,MER,SC,FCS,FCS,2382,GAME,2062,D:/NCAA_Images/FCS/_primary/Mercer.p1_500.png,D:/NCAA_Images/FCS/_primary/Mercer.p2_500.png,
Merrimack,#002855,#F7D917,,,,,MACK,NEC,FCS,FCS,2771,MAMK,2063,D:/NCAA_Images/FCS/_primary/Merrimack.p1_500.png,D:/NCAA_Images/FCS/_primary/Merrimack.p2_500.png,
Mississippi Valley State,#046A38,#C8102E,,,,,MVSU,SWAC,FCS,FCS,2400,MSVA,2064,D:/NCAA_Images/FCS/_primary/Mississippi_Valley_State.p1_500.png,D:/NCAA_Images/FCS/_primary/Mississippi_Valley_State.p2_500.png,
Missouri State,#5E0009,#FFFFFF,,,,,MOST,MVC,FCS,FCS,2623,MOSW,2065,D:/NCAA_Images/FCS/_primary/Missouri_State.p1_500.png,D:/NCAA_Images/FCS/_primary/Missouri_State.p2_500.png,
Monmouth,#041E42,#FFFFFF,#002855,#63666A,#C8C9C7,,MONM,BS,FCS,FCS,2405,NJMO,2066,D:/NCAA_Images/FCS/_primary/Monmouth.p1_500.png,D:/NCAA_Images/FCS/_primary/Monmouth.p2_500.png,
Montana,#660033,#999999,,,,,MONT,SKY,FCS,FCS,149,MTUN,2067,D:/NCAA_Images/FCS/_primary/Montana.p1_500.png,D:/NCAA_Images/FCS/_primary/Montana.p2_500.png,
Montana State,#00205B,#BA9E66,,,,,MTST,SKY,FCS,FCS,147,MTST,2068,D:/NCAA_Images/FCS/_primary/Montana_State.p1_500.png,D:/NCAA_Images/FCS/_primary/Montana_State.p2_500.png,
Morehead State,#003399,#FFCF00,,,,,MORE,PIO,FCS,FCS,2413,KYMO,2069,D:/NCAA_Images/FCS/_primary/Morehead_State.p1_500.png,D:/NCAA_Images/FCS/_primary/Morehead_State.p2_500.png,
Morgan State,#002D72,#FC4C02,,,,,MORG,MEAC,FCS,FCS,2415,MDMO,2070,D:/NCAA_Images/FCS/_primary/Morgan_State.p1_500.png,D:/NCAA_Images/FCS/_primary/Morgan_State.p2_500.png,
Murray State,#002144,#ECAC00,,,,,MURR,OVC,FCS,FCS,93,KYMU,2071,D:/NCAA_Images/FCS/_primary/Murray_State.p1_500.png,D:/NCAA_Images/FCS/_primary/Murray_State.p2_500.png,
New Hampshire,#041E42,#BBBCBC,#FFFFFF,#000000,,,UNH,CAA,FCS,FCS,160,NHUN,2072,D:/NCAA_Images/FCS/_primary/New_Hampshire.p1_500.png,D:/NCAA_Images/FCS/_primary/New_Hampshire.p2_500.png,
Nicholls State,#A6192E,#7C878E,,,,,NICH,SL,FCS,FCS,2447,LANI,2073,D:/NCAA_Images/FCS/_primary/Nicholls_State.p1_500.png,D:/NCAA_Images/FCS/_primary/Nicholls_State.p2_500.png,
Norfolk State,#007A53,#F3D03E,,,,,NSU,MEAC,FCS,FCS,2450,VANO,2074,D:/NCAA_Images/FCS/_primary/Norfolk_State.p1_500.png,D:/NCAA_Images/FCS/_primary/Norfolk_State.p2_500.png,
North Alabama,#B5A268,#46166B,#FFFFFF,#DB9F11,#5F6062,#000000,UNA,BS,FCS,FCS,2453,ALNO,2075,D:/NCAA_Images/FCS/_primary/North_Alabama.p1_500.png,D:/NCAA_Images/FCS/_primary/North_Alabama.p2_500.png,
North Carolina A&T,#004684,#FDB927,,,,,NCAT,MEAC,FCS,FCS,2448,NCAT,2076,D:/NCAA_Images/FCS/_primary/North_Carolina_A&T.p1_500.png,D:/NCAA_Images/FCS/_primary/North_Carolina_A&T.p2_500.png,
North Carolina Central,#8B2331,#8E908F,,,,,NCCU,MEAC,FCS,FCS,2428,NCCE,2077,D:/NCAA_Images/FCS/_primary/North_Carolina_Central.p1_500.png,D:/NCAA_Images/FCS/_primary/North_Carolina_Central.p2_500.png,
North Dakota,#009A44,#FFFFFF,,,,,UND,MVC,FCS,FCS,155,NDUN,2078,D:/NCAA_Images/FCS/_primary/North_Dakota.p1_500.png,D:/NCAA_Images/FCS/_primary/North_Dakota.p2_500.png,
North Dakota State,#005643,#FFC82E,,,,,NDSU,MVC,FCS,FCS,2449,NDST,2079,D:/NCAA_Images/FCS/_primary/North_Dakota_State.p1_500.png,D:/NCAA_Images/FCS/_primary/North_Dakota_State.p2_500.png,
Northern Arizona,#003466,#F1B300,,,,,NAU,SKY,FCS,FCS,2464,AZNO,2080,D:/NCAA_Images/FCS/_primary/Northern_Arizona.p1_500.png,D:/NCAA_Images/FCS/_primary/Northern_Arizona.p2_500.png,
Northern Colorado,#013C65,#F6B000,,,,,UNCO,SKY,FCS,FCS,2458,CONO,2081,D:/NCAA_Images/FCS/_primary/Northern_Colorado.p1_500.png,D:/NCAA_Images/FCS/_primary/Northern_Colorado.p2_500.png,
Northern Iowa,#4B116F,#FFCC00,,,,,UNI,MVC,FCS,FCS,2460,IANO,2082,D:/NCAA_Images/FCS/_primary/Northern_Iowa.p1_500.png,D:/NCAA_Images/FCS/_primary/Northern_Iowa.p2_500.png,
Northwestern State,#663399,#FF6600,,,,,NWST,SL,FCS,FCS,2466,LANW,2083,D:/NCAA_Images/FCS/_primary/Northwestern_State.p1_500.png,D:/NCAA_Images/FCS/_primary/Northwestern_State.p2_500.png,
Penn,#011F5B,#990000,,,,,PENN,IVY,FCS,FCS,219,PAUN,2084,D:/NCAA_Images/FCS/_primary/Penn.p1_500.png,D:/NCAA_Images/FCS/_primary/Penn.p2_500.png,
Portland State,#154734,#FFFFFF,,,,,PRST,SKY,FCS,FCS,2502,ORPS,2085,D:/NCAA_Images/FCS/_primary/Portland_State.p1_500.png,D:/NCAA_Images/FCS/_primary/Portland_State.p2_500.png,
Prairie View A&M,#4F2582,#FEC235,,,,,PVAM,SWAC,FCS,FCS,2504,TXPV,2086,D:/NCAA_Images/FCS/_primary/Prairie_View_A&M.p1_500.png,D:/NCAA_Images/FCS/_primary/Prairie_View_A&M.p2_500.png,
Presbyterian,#0060A9,#9D2235,#B2B4B2,,,,PRES,FCSI,FCS,FCS,2506,SCPR,2087,D:/NCAA_Images/FCS/_primary/Presbyterian.p1_500.png,D:/NCAA_Images/FCS/_primary/Presbyterian.p2_500.png,
Princeton,#EE7F2D,#000000,,,,,PRIN,IVY,FCS,FCS,163,NJPR,2088,D:/NCAA_Images/FCS/_primary/Princeton.p1_500.png,D:/NCAA_Images/FCS/_primary/Princeton.p2_500.png,
Rhode Island,#75B2DD,#002147,#FFFFFF,,,,URI,CAA,FCS,FCS,227,RIUN,2089,D:/NCAA_Images/FCS/_primary/Rhode_Island.p1_500.png,D:/NCAA_Images/FCS/_primary/Rhode_Island.p2_500.png,
Richmond,#BA0C2F,#0C2340,#C1C6C8,#8A8D8F,#000000,#FFFFFF,RICH,CAA,FCS,FCS,257,VARI,2090,D:/NCAA_Images/FCS/_primary/Richmond.p1_500.png,D:/NCAA_Images/FCS/_primary/Richmond.p2_500.png,
Robert Morris,#14234B,#E51937,#B2B1AE,#000000,#FFFFFF,,RMU,FCSI,FCS,FCS,2523,PARM,2091,D:/NCAA_Images/FCS/_primary/Robert_Morris.p1_500.png,D:/NCAA_Images/FCS/_primary/Robert_Morris.p2_500.png,
Sacramento State,#043927,#C4B581,,,,,SAC,SKY,FCS,FCS,16,CASA,2092,D:/NCAA_Images/FCS/_primary/Sacramento_State.p1_500.png,D:/NCAA_Images/FCS/_primary/Sacramento_State.p2_500.png,
Sacred Heart,#BA0C2F,#262626,,,,,SHU,NEC,FCS,FCS,2529,CTSH,2093,D:/NCAA_Images/FCS/_primary/Sacred_Heart.p1_500.png,D:/NCAA_Images/FCS/_primary/Sacred_Heart.p2_500.png,
Saint Francis,#BD1F25,#8E908F,,,,,SFU,NEC,FCS,FCS,2598,PASF,2094,D:/NCAA_Images/FCS/_primary/Saint_Francis.p1_500.png,D:/NCAA_Images/FCS/_primary/Saint_Francis.p2_500.png,
Sam Houston State,#FE5000,#FFFFFF,,,,,SHSU,SL,FCS,FCS,2534,TXSH,2095,D:/NCAA_Images/FCS/_primary/Sam_Houston_State.p1_500.png,D:/NCAA_Images/FCS/_primary/Sam_Houston_State.p2_500.png,
Samford,#0C2340,#BD1F2D,,,,,SAM,SC,FCS,FCS,2535,ALSM,2096,D:/NCAA_Images/FCS/_primary/Samford.p1_500.png,D:/NCAA_Images/FCS/_primary/Samford.p2_500.png,
San Diego,#003B70,#75BEE9,,,,,USD,PIO,FCS,FCS,301,CASU,2097,D:/NCAA_Images/FCS/_primary/San_Diego.p1_500.png,D:/NCAA_Images/FCS/_primary/San_Diego.p2_500.png,
South Carolina State,#862633,#141F78,,,,,SCST,MEAC,FCS,FCS,2569,SCST,2098,D:/NCAA_Images/FCS/_primary/South_Carolina_State.p1_500.png,D:/NCAA_Images/FCS/_primary/South_Carolina_State.p2_500.png,
South Dakota,#AD0000,#000000,,,,,SDAK,MVC,FCS,FCS,233,SDVE,2099,D:/NCAA_Images/FCS/_primary/South_Dakota.p1_500.png,D:/NCAA_Images/FCS/_primary/South_Dakota.p2_500.png,
South Dakota State,#FFD100,#0033A0,,,,,SDSU,MVC,FCS,FCS,2571,SDST,2100,D:/NCAA_Images/FCS/_primary/South_Dakota_State.p1_500.png,D:/NCAA_Images/FCS/_primary/South_Dakota_State.p2_500.png,
Southeast Missouri State,#C8102E,#000000,,,,,SEMO,OVC,FCS,FCS,2546,MOSE,2101,D:/NCAA_Images/FCS/_primary/Southeast_Missouri_State.p1_500.png,D:/NCAA_Images/FCS/_primary/Southeast_Missouri_State.p2_500.png,
Southeastern Louisiana,#006847,#E0AA0F,,,,,SELA,SL,FCS,FCS,2545,LASE,2102,D:/NCAA_Images/FCS/_primary/Southeastern_Louisiana.p1_500.png,D:/NCAA_Images/FCS/_primary/Southeastern_Louisiana.p2_500.png,
Southern,#78B3E0,#FFC72C,,,,,SOU,SWAC,FCS,FCS,2582,LASO,2103,D:/NCAA_Images/FCS/_primary/Southern.p1_500.png,D:/NCAA_Images/FCS/_primary/Southern.p2_500.png,
Southern Illinois,#660000,#FFFFFF,,,,,SIU,MVC,FCS,FCS,79,ILSO,2104,D:/NCAA_Images/FCS/_primary/Southern_Illinois.p1_500.png,D:/NCAA_Images/FCS/_primary/Southern_Illinois.p2_500.png,
Southern Utah,#C41425,#231F20,,,,,SUU,SKY,FCS,FCS,253,UTSO,2105,D:/NCAA_Images/FCS/_primary/Southern_Utah.p1_500.png,D:/NCAA_Images/FCS/_primary/Southern_Utah.p2_500.png,
Stephen F. Austin,#5F259F,#060808,#75787B,#B1B3B3,#FFFFFF,,SFA,SL,FCS,FCS,2617,TXSF,2106,D:/NCAA_Images/FCS/_primary/Stephen_F._Austin.p1_500.png,D:/NCAA_Images/FCS/_primary/Stephen_F._Austin.p2_500.png,
Stetson,#006747,#FFFFFF,,,,,STET,PIO,FCS,FCS,56,FLSS,2107,D:/NCAA_Images/FCS/_primary/Stetson.p1_500.png,D:/NCAA_Images/FCS/_primary/Stetson.p2_500.png,
Stony Brook,#990000,#0C2340,#A2AAAD,#000000,#FFFFFF,,STON,CAA,FCS,FCS,2619,NYST,2108,D:/NCAA_Images/FCS/_primary/Stony_Brook.p1_500.png,D:/NCAA_Images/FCS/_primary/Stony_Brook.p2_500.png,
Tarleton State,#4F2D7F,#FFFFFF,#6D6E71,#000000,,,TAR,FCSI,FCS,FCS,2627,TXTA,2109,D:/NCAA_Images/FCS/_primary/Tarleton_State.p1_500.png,D:/NCAA_Images/FCS/_primary/Tarleton_State.p2_500.png,
Tennessee State,#00539F,#F0F0F0,,,,,TNST,OVC,FCS,FCS,2634,TNAI,2110,D:/NCAA_Images/FCS/_primary/Tennessee_State.p1_500.png,D:/NCAA_Images/FCS/_primary/Tennessee_State.p2_500.png,
Tennessee Tech,#4F2984,#FFDD00,,,,,TNTC,OVC,FCS,FCS,2635,TNTC,2111,D:/NCAA_Images/FCS/_primary/Tennessee_Tech.p1_500.png,D:/NCAA_Images/FCS/_primary/Tennessee_Tech.p2_500.png,
Texas Southern,#7C183E,#9DA6AB,,,,,TXSO,SWAC,FCS,FCS,2640,TXSO,2112,D:/NCAA_Images/FCS/_primary/Texas_Southern.p1_500.png,D:/NCAA_Images/FCS/_primary/Texas_Southern.p2_500.png,
The Citadel,#3975B7,#1F3A60,,,,,CIT,SC,FCS,FCS,2643,SCCI,2113,D:/NCAA_Images/FCS/_primary/The_Citadel.p1_500.png,D:/NCAA_Images/FCS/_primary/The_Citadel.p2_500.png,
Towson,#FFBB00,#000000,#FFFFFF,#A7A8A9,#CC9900,#3C3C3C,TOWS,CAA,FCS,FCS,119,MDTO,2114,D:/NCAA_Images/FCS/_primary/Towson.p1_500.png,D:/NCAA_Images/FCS/_primary/Towson.p2_500.png,
UC Davis,#022851,#FFBF00,,,,,UCD,SKY,FCS,FCS,302,CADA,2115,D:/NCAA_Images/FCS/_primary/UC_Davis.p1_500.png,D:/NCAA_Images/FCS/_primary/UC_Davis.p2_500.png,
UT Martin,#0C2340,#FF8200,,,,,UTM,OVC,FCS,FCS,2630,TNMR,2116,D:/NCAA_Images/FCS/_primary/UT_Martin.p1_500.png,D:/NCAA_Images/FCS/_primary/UT_Martin.p2_500.png,
Valparaiso,#693F23,#FFCD00,,,,,VALP,PIO,FCS,FCS,2674,INVA,2117,D:/NCAA_Images/FCS/_primary/Valparaiso.p1_500.png,D:/NCAA_Images/FCS/_primary/Valparaiso.p2_500.png,
Villanova,#002664,#3DB7E4,#FFFFFF,#8B634B,,,NOVA,CAA,FCS,FCS,222,PAVI,2118,D:/NCAA_Images/FCS/_primary/Villanova.p1_500.png,D:/NCAA_Images/FCS/_primary/Villanova.p2_500.png,
VMI,#AE122A,#FFD619,,,,,VMI,SC,FCS,FCS,2678,VAMI,2119,D:/NCAA_Images/FCS/_primary/VMI.p1_500.png,D:/NCAA_Images/FCS/_primary/VMI.p2_500.png,
Wagner,#004331,#AA8E3C,,,,,WAG,NEC,FCS,FCS,2681,NYWA,2120,D:/NCAA_Images/FCS/_primary/Wagner.p1_500.png,D:/NCAA_Images/FCS/_primary/Wagner.p2_500.png,
Weber State,#4B2682,#A1A1A4,,,,,WEB,SKY,FCS,FCS,2692,UTWB,2121,D:/NCAA_Images/FCS/_primary/Weber_State.p1_500.png,D:/NCAA_Images/FCS/_primary/Weber_State.p2_500.png,
Western Carolina,#592C88,#C1A875,,,,,WCU,SC,FCS,FCS,2717,NCWE,2122,D:/NCAA_Images/FCS/_primary/Western_Carolina.p1_500.png,D:/NCAA_Images/FCS/_primary/Western_Carolina.p2_500.png,
Western Illinois,#663399,#FFCC00,,,,,WIU,MVC,FCS,FCS,2710,ILWE,2123,D:/NCAA_Images/FCS/_primary/Western_Illinois.p1_500.png,D:/NCAA_Images/FCS/_primary/Western_Illinois.p2_500.png,
William & Mary,#115740,#B9975B,#F0B323,#D0D3D4,,,WM,CAA,FCS,FCS,2729,VAWM,2124,D:/NCAA_Images/FCS/_primary/William_&_Mary.p1_500.png,D:/NCAA_Images/FCS/_primary/William_&_Mary.p2_500.png,
Wofford,#000000,#886E4C,,,,,WOF,SC,FCS,FCS,2747,SCWO,2125,D:/NCAA_Images/FCS/_primary/Wofford.p1_500.png,D:/NCAA_Images/FCS/_primary/Wofford.p2_500.png,
Yale,#00356B,#FFFFFF,,,,,YALE,IVY,FCS,FCS,43,CTYA,2126,D:/NCAA_Images/FCS/_primary/Yale.p1_500.png,D:/NCAA_Images/FCS/_primary/Yale.p2_500.png,
Youngstown State,#C8102E,#000000,,,,,YSU,MVC,FCS,FCS,2754,OHYO,2127,D:/NCAA_Images/FCS/_primary/Youngstown_State.p1_500.png,D:/NCAA_Images/FCS/_primary/Youngstown_State.p2_500.png,
,,,,,,,,,,,,FLJA,,,,
AAC,#041E41,#EE2231A,,,,,AAC,FBS,,,,,,,,
ACC,#013CA6,#A5A9AB,,,,,ACC,FBS,,,,,,,,
B1G,#0088CE,#000000,,,,,B1G,FBS,,,,,,,,
B12,#C41230,#FFFFFF,,,,,B12,FBS,,,,,,,,
PAC,#004B91,#00274D,,,,,PAC,FBS,,,,,,,,
SEC,#002D72,#FCD647,,,,,SEC,FBS,,,,,,,,
CUSA,#003865,#A6192E,,,,,CUSA,FBS,,,,,,,,
MAC,#0C2340,#009A44,,,,,MAC,FBS,,,,,,,,
MWC,#582C83,#B5B0AD,,,,,MWC,FBS,,,,,,,,
SBC,#0C2340,#F2A900,,,,,SBC,FBS,,,,,,,,
